R,method,mean_EAT,mean_ECC,bottleneck_cross_coverage,node_coverage,edge_coverage,graph,repeat,num_nodes,num_edges,num_bottleneck_edges,M,walk_len,pair_samples
0,simple_rw,6.3072,12.5896,0.0875,0.20359375000000002,0.04901898734177215,synthetic,0,160,790,2,8,6,5000
0,simple_rw,6.2476,12.5332,0.1125,0.20671875,0.04932753164556962,synthetic,1,160,790,2,8,6,5000
0,simple_rw,6.2728,12.5266,0.0875,0.2055078125,0.04927215189873418,synthetic,2,160,790,2,8,6,5000
0,simple_rw,6.2932,12.6218,0.08125,0.20652343750000002,0.04915348101265822,synthetic,3,160,790,2,8,6,5000
0,simple_rw,6.2442,12.4786,0.125,0.20445312499999999,0.04909018987341772,synthetic,4,160,790,2,8,6,5000
1,simple_rw,11.1732,22.2832,0.0875,0.20359375000000002,0.04901898734177215,synthetic,0,160,790,2,8,6,5000
1,simple_rw,10.9996,22.1032,0.1125,0.20671875,0.04932753164556962,synthetic,1,160,790,2,8,6,5000
1,simple_rw,11.0644,22.099,0.0875,0.2055078125,0.04927215189873418,synthetic,2,160,790,2,8,6,5000
1,simple_rw,11.1184,22.3058,0.08125,0.20652343750000002,0.04915348101265822,synthetic,3,160,790,2,8,6,5000
1,simple_rw,11.0322,22.0198,0.125,0.20445312499999999,0.04909018987341772,synthetic,4,160,790,2,8,6,5000
2,simple_rw,16.0392,31.9768,0.0875,0.20359375000000002,0.04901898734177215,synthetic,0,160,790,2,8,6,5000
2,simple_rw,15.7516,31.6732,0.1125,0.20671875,0.04932753164556962,synthetic,1,160,790,2,8,6,5000
2,simple_rw,15.856,31.6714,0.0875,0.2055078125,0.04927215189873418,synthetic,2,160,790,2,8,6,5000
2,simple_rw,15.9436,31.9898,0.08125,0.20652343750000002,0.04915348101265822,synthetic,3,160,790,2,8,6,5000
2,simple_rw,15.8202,31.561,0.125,0.20445312499999999,0.04909018987341772,synthetic,4,160,790,2,8,6,5000
3,simple_rw,20.9052,41.6704,0.0875,0.20359375000000002,0.04901898734177215,synthetic,0,160,790,2,8,6,5000
3,simple_rw,20.5036,41.2432,0.1125,0.20671875,0.04932753164556962,synthetic,1,160,790,2,8,6,5000
3,simple_rw,20.6476,41.2438,0.0875,0.2055078125,0.04927215189873418,synthetic,2,160,790,2,8,6,5000
3,simple_rw,20.7688,41.6738,0.08125,0.20652343750000002,0.04915348101265822,synthetic,3,160,790,2,8,6,5000
3,simple_rw,20.6082,41.1022,0.125,0.20445312499999999,0.04909018987341772,synthetic,4,160,790,2,8,6,5000
4,simple_rw,25.7712,51.364,0.0875,0.20359375000000002,0.04901898734177215,synthetic,0,160,790,2,8,6,5000
4,simple_rw,25.2556,50.8132,0.1125,0.20671875,0.04932753164556962,synthetic,1,160,790,2,8,6,5000
4,simple_rw,25.4392,50.8162,0.0875,0.2055078125,0.04927215189873418,synthetic,2,160,790,2,8,6,5000
4,simple_rw,25.594,51.3578,0.08125,0.20652343750000002,0.04915348101265822,synthetic,3,160,790,2,8,6,5000
4,simple_rw,25.3962,50.6434,0.125,0.20445312499999999,0.04909018987341772,synthetic,4,160,790,2,8,6,5000
0,budget_rw,6.3072,12.5896,0.0875,0.20359375000000002,0.04901898734177215,synthetic,0,160,790,2,8,6,5000
0,budget_rw,6.2476,12.5332,0.1125,0.20671875,0.04932753164556962,synthetic,1,160,790,2,8,6,5000
0,budget_rw,6.2728,12.5266,0.0875,0.2055078125,0.04927215189873418,synthetic,2,160,790,2,8,6,5000
0,budget_rw,6.2932,12.6218,0.08125,0.20652343750000002,0.04915348101265822,synthetic,3,160,790,2,8,6,5000
0,budget_rw,6.2442,12.4786,0.125,0.20445312499999999,0.04909018987341772,synthetic,4,160,790,2,8,6,5000
1,budget_rw,9.9718,19.9118,0.20625,0.31320312499999997,0.08871835443037976,synthetic,0,160,790,2,8,6,5000
1,budget_rw,10.152,20.2836,0.18125,0.30964843750000004,0.08840981012658228,synthetic,1,160,790,2,8,6,5000
1,budget_rw,10.0126,20.006,0.175,0.3119921875,0.08947784810126583,synthetic,2,160,790,2,8,6,5000
1,budget_rw,10.0218,20.0148,0.175,0.31421875000000005,0.08954905063291141,synthetic,3,160,790,2,8,6,5000
1,budget_rw,10.0026,20.0294,0.1875,0.3116796875,0.08905063291139241,synthetic,4,160,790,2,8,6,5000
2,budget_rw,13.1512,26.25,0.225,0.37582031250000003,0.12337025316455694,synthetic,0,160,790,2,8,6,5000
2,budget_rw,12.965,25.9754,0.25625,0.37429687500000003,0.12309335443037975,synthetic,1,160,790,2,8,6,5000
2,budget_rw,13.331,26.7146,0.2125,0.37664062499999995,0.12363132911392402,synthetic,2,160,790,2,8,6,5000
2,budget_rw,13.0304,26.107,0.25625,0.3770703125,0.12360759493670885,synthetic,3,160,790,2,8,6,5000
2,budget_rw,13.1432,26.29,0.24375,0.37433593750000005,0.1236629746835443,synthetic,4,160,790,2,8,6,5000
3,budget_rw,16.0508,32.1342,0.29375,0.4149999999999999,0.15361550632911392,synthetic,0,160,790,2,8,6,5000
3,budget_rw,15.8616,31.5962,0.31875,0.41484375,0.15348892405063289,synthetic,1,160,790,2,8,6,5000
3,budget_rw,15.885,31.8344,0.325,0.4174609374999999,0.15443829113924049,synthetic,2,160,790,2,8,6,5000
3,budget_rw,16.111,32.2206,0.28125,0.4135546875,0.15315664556962022,synthetic,3,160,790,2,8,6,5000
3,budget_rw,15.9296,31.7442,0.31875,0.416875,0.15412183544303795,synthetic,4,160,790,2,8,6,5000
4,budget_rw,18.7726,37.5452,0.3875,0.44519531249999994,0.18110759493670886,synthetic,0,160,790,2,8,6,5000
4,budget_rw,18.597,36.9334,0.3625,0.4425,0.18159810126582282,synthetic,1,160,790,2,8,6,5000
4,budget_rw,18.6004,37.3212,0.34375,0.44261718750000006,0.17999208860759494,synthetic,2,160,790,2,8,6,5000
4,budget_rw,18.2968,36.7218,0.3625,0.44507812500000005,0.18299050632911393,synthetic,3,160,790,2,8,6,5000
4,budget_rw,18.7766,37.532,0.375,0.4464453125,0.18191455696202533,synthetic,4,160,790,2,8,6,5000
0,node2vec,6.2148,12.4284,0.08125,0.21328125,0.052112341772151904,synthetic,0,160,790,2,8,6,5000
0,node2vec,6.2444,12.5094,0.10625,0.21449218749999996,0.051368670886075954,synthetic,1,160,790,2,8,6,5000
0,node2vec,6.239,12.5072,0.09375,0.2138671875,0.051637658227848104,synthetic,2,160,790,2,8,6,5000
0,node2vec,6.2332,12.465,0.14375,0.21789062499999998,0.05189873417721519,synthetic,3,160,790,2,8,6,5000
0,node2vec,6.2474,12.4632,0.11875,0.21671875,0.05177215189873419,synthetic,4,160,790,2,8,6,5000
1,node2vec,9.9222,19.8304,0.175,0.326171875,0.09418512658227848,synthetic,0,160,790,2,8,6,5000
1,node2vec,9.8456,19.7364,0.2125,0.3265625,0.09384493670886077,synthetic,1,160,790,2,8,6,5000
1,node2vec,10.0406,20.0794,0.18125,0.32375,0.0939240506329114,synthetic,2,160,790,2,8,6,5000
1,node2vec,9.9484,19.7844,0.2,0.3262109375,0.09430379746835443,synthetic,3,160,790,2,8,6,5000
1,node2vec,9.8806,19.7904,0.15625,0.3262109375,0.09393987341772152,synthetic,4,160,790,2,8,6,5000
2,node2vec,12.8824,25.745,0.25625,0.3875,0.13038765822784812,synthetic,0,160,790,2,8,6,5000
2,node2vec,12.8306,25.5398,0.2375,0.388984375,0.1301740506329114,synthetic,1,160,790,2,8,6,5000
2,node2vec,12.8628,25.7298,0.30625,0.38937499999999997,0.13080696202531644,synthetic,2,160,790,2,8,6,5000
2,node2vec,12.843,25.6626,0.2625,0.38792968749999995,0.13079113924050634,synthetic,3,160,790,2,8,6,5000
2,node2vec,12.954,25.9012,0.24375,0.38851562500000003,0.1304746835443038,synthetic,4,160,790,2,8,6,5000
3,node2vec,15.6782,31.492,0.3875,0.4319921875,0.16319620253164555,synthetic,0,160,790,2,8,6,5000
3,node2vec,15.4582,30.907,0.325,0.42667968749999996,0.16303006329113923,synthetic,1,160,790,2,8,6,5000
3,node2vec,15.6446,31.1808,0.30625,0.4285546875,0.1636155063291139,synthetic,2,160,790,2,8,6,5000
3,node2vec,15.5076,30.9756,0.3375,0.4315234375,0.1641139240506329,synthetic,3,160,790,2,8,6,5000
3,node2vec,15.8288,31.6532,0.36875,0.43125,0.163496835443038,synthetic,4,160,790,2,8,6,5000
4,node2vec,18.409,36.877,0.4,0.45625,0.19230221518987342,synthetic,0,160,790,2,8,6,5000
4,node2vec,17.9544,36.0446,0.3625,0.45304687500000007,0.19113132911392405,synthetic,1,160,790,2,8,6,5000
4,node2vec,18.384,36.6932,0.43125,0.45710937500000004,0.1918512658227848,synthetic,2,160,790,2,8,6,5000
4,node2vec,17.882,35.8728,0.4875,0.4611328125,0.192998417721519,synthetic,3,160,790,2,8,6,5000
4,node2vec,18.3394,36.8474,0.4125,0.454609375,0.1910284810126582,synthetic,4,160,790,2,8,6,5000
0,non_backtracking_rw,6.218,12.4514,0.08125,0.22218749999999998,0.054628164556962025,synthetic,0,160,790,2,8,6,5000
0,non_backtracking_rw,6.2192,12.4276,0.0875,0.22511718750000004,0.054691455696202526,synthetic,1,160,790,2,8,6,5000
0,non_backtracking_rw,6.1656,12.3886,0.0875,0.22058593750000002,0.05445411392405064,synthetic,2,160,790,2,8,6,5000
0,non_backtracking_rw,6.2164,12.4438,0.0875,0.22218749999999998,0.05461234177215191,synthetic,3,160,790,2,8,6,5000
0,non_backtracking_rw,6.2066,12.4,0.0625,0.22398437499999999,0.054802215189873424,synthetic,4,160,790,2,8,6,5000
1,non_backtracking_rw,9.7672,19.5424,0.175,0.33253906250000004,0.09975474683544304,synthetic,0,160,790,2,8,6,5000
1,non_backtracking_rw,9.8668,19.7428,0.1875,0.3369140625,0.10024525316455697,synthetic,1,160,790,2,8,6,5000
1,non_backtracking_rw,9.859,19.7386,0.19375,0.333828125,0.09973892405063291,synthetic,2,160,790,2,8,6,5000
1,non_backtracking_rw,9.7754,19.5588,0.1875,0.3330078125,0.09953322784810126,synthetic,3,160,790,2,8,6,5000
1,non_backtracking_rw,9.844,19.696,0.225,0.33328125000000003,0.09955696202531646,synthetic,4,160,790,2,8,6,5000
2,non_backtracking_rw,12.8274,25.5984,0.25625,0.39734375,0.13854430379746838,synthetic,0,160,790,2,8,6,5000
2,non_backtracking_rw,12.776,25.5186,0.34375,0.399609375,0.1390506329113924,synthetic,1,160,790,2,8,6,5000
2,non_backtracking_rw,12.9286,25.8772,0.31875,0.39933593749999996,0.13875791139240506,synthetic,2,160,790,2,8,6,5000
2,non_backtracking_rw,12.7926,25.4516,0.25,0.39886718749999994,0.13880537974683543,synthetic,3,160,790,2,8,6,5000
2,non_backtracking_rw,12.7816,25.464,0.25625,0.39457031249999996,0.13774525316455696,synthetic,4,160,790,2,8,6,5000
3,non_backtracking_rw,15.5522,31.0692,0.35625,0.4348437499999999,0.17221518987341775,synthetic,0,160,790,2,8,6,5000
3,non_backtracking_rw,15.2804,30.358,0.4125,0.4398046875,0.17299050632911392,synthetic,1,160,790,2,8,6,5000
3,non_backtracking_rw,15.466,30.9738,0.3375,0.4327734375,0.17208069620253164,synthetic,2,160,790,2,8,6,5000
3,non_backtracking_rw,15.6206,31.2004,0.3625,0.4380859375,0.1733860759493671,synthetic,3,160,790,2,8,6,5000
3,non_backtracking_rw,15.434,30.8986,0.31875,0.436015625,0.17240506329113925,synthetic,4,160,790,2,8,6,5000
4,non_backtracking_rw,18.08,36.274,0.4125,0.4644921875,0.2030142405063291,synthetic,0,160,790,2,8,6,5000
4,non_backtracking_rw,17.7224,35.5028,0.38125,0.46527343750000005,0.20450949367088606,synthetic,1,160,790,2,8,6,5000
4,non_backtracking_rw,18.0542,36.1286,0.38125,0.46171875,0.20352056962025317,synthetic,2,160,790,2,8,6,5000
4,non_backtracking_rw,18.109,36.4432,0.44375,0.45953125000000006,0.20253955696202527,synthetic,3,160,790,2,8,6,5000
4,non_backtracking_rw,18.2868,36.6488,0.45,0.46332031249999994,0.20334651898734174,synthetic,4,160,790,2,8,6,5000
0,hrw,6.3072,12.5896,0.0875,0.20359375000000002,0.04901898734177215,synthetic,0,160,790,2,8,6,5000
0,hrw,6.2476,12.5332,0.1125,0.20671875,0.04932753164556962,synthetic,1,160,790,2,8,6,5000
0,hrw,6.2728,12.5266,0.0875,0.2055078125,0.04927215189873418,synthetic,2,160,790,2,8,6,5000
0,hrw,6.2932,12.6218,0.08125,0.20652343750000002,0.04915348101265822,synthetic,3,160,790,2,8,6,5000
0,hrw,6.2442,12.4786,0.125,0.20445312499999999,0.04909018987341772,synthetic,4,160,790,2,8,6,5000
1,hrw,7.4914,14.8888,0.61875,0.515859375,0.2939003164556962,synthetic,0,160,790,2,8,6,5000
1,hrw,7.2164,14.3714,0.58125,0.5190234374999999,0.29803797468354426,synthetic,1,160,790,2,8,6,5000
1,hrw,7.2626,14.4554,0.6625,0.5231640625,0.29763449367088607,synthetic,2,160,790,2,8,6,5000
1,hrw,7.3706,14.6494,0.59375,0.5170312499999999,0.29851265822784806,synthetic,3,160,790,2,8,6,5000
1,hrw,7.1112,14.2058,0.525,0.5156640625000001,0.29790348101265823,synthetic,4,160,790,2,8,6,5000
2,hrw,6.1254,12.3602,1.0,0.7216796875,0.5769699367088608,synthetic,0,160,790,2,8,6,5000
2,hrw,6.7632,13.5806,0.9875,0.6971093749999999,0.5602610759493671,synthetic,1,160,790,2,8,6,5000
2,hrw,6.3178,12.6378,0.99375,0.7057421875,0.5658939873417722,synthetic,2,160,790,2,8,6,5000
2,hrw,6.5712,13.0702,0.99375,0.6964453125000001,0.5621360759493671,synthetic,3,160,790,2,8,6,5000
2,hrw,6.43,12.8592,0.9875,0.6944531250000001,0.557618670886076,synthetic,4,160,790,2,8,6,5000
3,hrw,1.7638,3.5526,1.0,0.9583203125,0.8078560126582278,synthetic,0,160,790,2,8,6,5000
3,hrw,1.7132,3.4028,1.0,0.9677734375,0.8089556962025316,synthetic,1,160,790,2,8,6,5000
3,hrw,1.8084,3.6182,1.0,0.9596484375000001,0.8164715189873417,synthetic,2,160,790,2,8,6,5000
3,hrw,1.5474,3.0446,1.0,0.9702734375000001,0.8261075949367089,synthetic,3,160,790,2,8,6,5000
3,hrw,1.815,3.6146,1.0,0.9616015625,0.8085363924050633,synthetic,4,160,790,2,8,6,5000
4,hrw,0.21,0.4196,1.0,0.9998828124999999,0.9903876582278481,synthetic,0,160,790,2,8,6,5000
4,hrw,0.249,0.4984,1.0,0.9996875,0.9836392405063291,synthetic,1,160,790,2,8,6,5000
4,hrw,0.1876,0.3916,1.0,0.9998828124999999,0.991977848101266,synthetic,2,160,790,2,8,6,5000
4,hrw,0.2154,0.4426,1.0,0.9996484375,0.9886550632911394,synthetic,3,160,790,2,8,6,5000
4,hrw,0.2134,0.4452,1.0,0.9998828124999999,0.9885126582278481,synthetic,4,160,790,2,8,6,5000
0,simple_rw,4.9028,9.8376,0.9117647058823529,0.5562283737024221,0.329185520361991,real_world,0,34,78,6,8,6,5000
0,simple_rw,4.978,9.9276,0.9411764705882353,0.5328719723183392,0.32767722473604827,real_world,1,34,78,6,8,6,5000
0,simple_rw,4.992,9.9884,0.9411764705882353,0.5268166089965397,0.3174962292609352,real_world,2,34,78,6,8,6,5000
0,simple_rw,4.9096,9.8762,0.8823529411764706,0.5397923875432525,0.3318250377073907,real_world,3,34,78,6,8,6,5000
0,simple_rw,4.9698,9.884,0.8529411764705882,0.5337370242214532,0.32843137254901966,real_world,4,34,78,6,8,6,5000
1,simple_rw,7.628,15.3228,0.9117647058823529,0.5562283737024221,0.329185520361991,real_world,0,34,78,6,8,6,5000
1,simple_rw,7.8868,15.726,0.9411764705882353,0.5328719723183392,0.32767722473604827,real_world,1,34,78,6,8,6,5000
1,simple_rw,7.8948,15.7964,0.9411764705882353,0.5268166089965397,0.3174962292609352,real_world,2,34,78,6,8,6,5000
1,simple_rw,7.7356,15.5666,0.8823529411764706,0.5397923875432525,0.3318250377073907,real_world,3,34,78,6,8,6,5000
1,simple_rw,7.8666,15.644,0.8529411764705882,0.5337370242214532,0.32843137254901966,real_world,4,34,78,6,8,6,5000
2,simple_rw,10.3532,20.808,0.9117647058823529,0.5562283737024221,0.329185520361991,real_world,0,34,78,6,8,6,5000
2,simple_rw,10.7956,21.5244,0.9411764705882353,0.5328719723183392,0.32767722473604827,real_world,1,34,78,6,8,6,5000
2,simple_rw,10.7976,21.6044,0.9411764705882353,0.5268166089965397,0.3174962292609352,real_world,2,34,78,6,8,6,5000
2,simple_rw,10.5616,21.257,0.8823529411764706,0.5397923875432525,0.3318250377073907,real_world,3,34,78,6,8,6,5000
2,simple_rw,10.7634,21.404,0.8529411764705882,0.5337370242214532,0.32843137254901966,real_world,4,34,78,6,8,6,5000
3,simple_rw,13.0784,26.2932,0.9117647058823529,0.5562283737024221,0.329185520361991,real_world,0,34,78,6,8,6,5000
3,simple_rw,13.7044,27.3228,0.9411764705882353,0.5328719723183392,0.32767722473604827,real_world,1,34,78,6,8,6,5000
3,simple_rw,13.7004,27.4124,0.9411764705882353,0.5268166089965397,0.3174962292609352,real_world,2,34,78,6,8,6,5000
3,simple_rw,13.3876,26.9474,0.8823529411764706,0.5397923875432525,0.3318250377073907,real_world,3,34,78,6,8,6,5000
3,simple_rw,13.6602,27.164,0.8529411764705882,0.5337370242214532,0.32843137254901966,real_world,4,34,78,6,8,6,5000
4,simple_rw,15.8036,31.7784,0.9117647058823529,0.5562283737024221,0.329185520361991,real_world,0,34,78,6,8,6,5000
4,simple_rw,16.6132,33.1212,0.9411764705882353,0.5328719723183392,0.32767722473604827,real_world,1,34,78,6,8,6,5000
4,simple_rw,16.6032,33.2204,0.9411764705882353,0.5268166089965397,0.3174962292609352,real_world,2,34,78,6,8,6,5000
4,simple_rw,16.2136,32.6378,0.8823529411764706,0.5397923875432525,0.3318250377073907,real_world,3,34,78,6,8,6,5000
4,simple_rw,16.557,32.924,0.8529411764705882,0.5337370242214532,0.32843137254901966,real_world,4,34,78,6,8,6,5000
0,budget_rw,4.9028,9.8376,0.9117647058823529,0.5562283737024221,0.329185520361991,real_world,0,34,78,6,8,6,5000
0,budget_rw,4.978,9.9276,0.9411764705882353,0.5328719723183392,0.32767722473604827,real_world,1,34,78,6,8,6,5000
0,budget_rw,4.992,9.9884,0.9411764705882353,0.5268166089965397,0.3174962292609352,real_world,2,34,78,6,8,6,5000
0,budget_rw,4.9096,9.8762,0.8823529411764706,0.5397923875432525,0.3318250377073907,real_world,3,34,78,6,8,6,5000
0,budget_rw,4.9698,9.884,0.8529411764705882,0.5337370242214532,0.32843137254901966,real_world,4,34,78,6,8,6,5000
1,budget_rw,6.2744,12.552,0.9705882352941176,0.6773356401384083,0.4852941176470588,real_world,0,34,78,6,8,6,5000
1,budget_rw,6.2432,12.3732,0.9705882352941176,0.6816608996539791,0.4909502262443439,real_world,1,34,78,6,8,6,5000
1,budget_rw,6.4484,12.8634,0.9411764705882353,0.6643598615916956,0.476998491704374,real_world,2,34,78,6,8,6,5000
1,budget_rw,5.9424,11.9334,0.9705882352941176,0.7067474048442907,0.5105580693815988,real_world,3,34,78,6,8,6,5000
1,budget_rw,6.3134,12.662,1.0,0.6704152249134948,0.4849170437405732,real_world,4,34,78,6,8,6,5000
2,budget_rw,6.5598,13.2596,1.0,0.7716262975778545,0.606711915535445,real_world,0,34,78,6,8,6,5000
2,budget_rw,6.784,13.469,1.0,0.7603806228373703,0.6014328808446454,real_world,1,34,78,6,8,6,5000
2,budget_rw,7.0718,14.2156,1.0,0.7482698961937716,0.5784313725490196,real_world,2,34,78,6,8,6,5000
2,budget_rw,6.7796,13.5796,1.0,0.7629757785467127,0.6040723981900453,real_world,3,34,78,6,8,6,5000
2,budget_rw,6.5018,13.0624,1.0,0.7837370242214532,0.6104826546003017,real_world,4,34,78,6,8,6,5000
3,budget_rw,7.0622,14.2482,1.0,0.8148788927335641,0.6655354449472097,real_world,0,34,78,6,8,6,5000
3,budget_rw,7.1514,14.1988,1.0,0.8088235294117647,0.6711915535444949,real_world,1,34,78,6,8,6,5000
3,budget_rw,7.0886,14.0838,1.0,0.8079584775086505,0.6606334841628959,real_world,2,34,78,6,8,6,5000
3,budget_rw,7.22,14.6064,1.0,0.8096885813148789,0.6598793363499247,real_world,3,34,78,6,8,6,5000
3,budget_rw,6.9854,14.1432,1.0,0.8131487889273356,0.6708144796380091,real_world,4,34,78,6,8,6,5000
4,budget_rw,7.1766,14.2886,1.0,0.8486159169550173,0.7175716440422323,real_world,0,34,78,6,8,6,5000
4,budget_rw,7.1682,14.337,1.0,0.8486159169550173,0.7217194570135747,real_world,1,34,78,6,8,6,5000
4,budget_rw,7.7008,15.2062,1.0,0.8295847750865051,0.7111613876319759,real_world,2,34,78,6,8,6,5000
4,budget_rw,7.6852,15.7014,1.0,0.8287197231833909,0.7096530920060332,real_world,3,34,78,6,8,6,5000
4,budget_rw,7.1096,14.5918,1.0,0.8373702422145329,0.7183257918552036,real_world,4,34,78,6,8,6,5000
0,node2vec,4.7836,9.6418,0.8823529411764706,0.5640138408304498,0.3484162895927602,real_world,0,34,78,6,8,6,5000
0,node2vec,4.8868,9.771,0.9117647058823529,0.5605536332179931,0.34049773755656115,real_world,1,34,78,6,8,6,5000
0,node2vec,4.912,9.8172,0.9117647058823529,0.5346020761245674,0.32993966817496234,real_world,2,34,78,6,8,6,5000
0,node2vec,4.8954,9.8442,1.0,0.5493079584775087,0.33257918552036203,real_world,3,34,78,6,8,6,5000
0,node2vec,4.8842,9.7446,0.9411764705882353,0.5527681660899655,0.3333333333333334,real_world,4,34,78,6,8,6,5000
1,node2vec,5.6954,11.445,1.0,0.7257785467128027,0.524132730015083,real_world,0,34,78,6,8,6,5000
1,node2vec,5.6306,11.2902,0.9705882352941176,0.7378892733564014,0.5354449472096532,real_world,1,34,78,6,8,6,5000
1,node2vec,5.8376,11.5876,0.9705882352941176,0.7283737024221453,0.5248868778280544,real_world,2,34,78,6,8,6,5000
1,node2vec,5.8984,11.7652,1.0,0.7205882352941178,0.5131975867269984,real_world,3,34,78,6,8,6,5000
1,node2vec,5.8988,11.8354,1.0,0.7128027681660899,0.5162141779788838,real_world,4,34,78,6,8,6,5000
2,node2vec,6.2538,12.5172,1.0,0.7984429065743944,0.6308446455505279,real_world,0,34,78,6,8,6,5000
2,node2vec,5.9946,11.9728,1.0,0.8062283737024221,0.6470588235294118,real_world,1,34,78,6,8,6,5000
2,node2vec,6.0466,12.1468,1.0,0.809688581314879,0.6395173453996984,real_world,2,34,78,6,8,6,5000
2,node2vec,6.1928,12.4782,1.0,0.8010380622837369,0.6297134238310709,real_world,3,34,78,6,8,6,5000
2,node2vec,6.0784,12.1592,1.0,0.8036332179930796,0.6361236802413274,real_world,4,34,78,6,8,6,5000
3,node2vec,6.4262,12.8958,1.0,0.8356401384083044,0.706636500754148,real_world,0,34,78,6,8,6,5000
3,node2vec,6.0456,12.0518,1.0,0.8598615916955016,0.7239819004524887,real_world,1,34,78,6,8,6,5000
3,node2vec,6.4968,13.026,1.0,0.8399653979238754,0.6979638009049773,real_world,2,34,78,6,8,6,5000
3,node2vec,6.431,12.7478,1.0,0.8503460207612458,0.7145550527903468,real_world,3,34,78,6,8,6,5000
3,node2vec,6.0482,12.133,1.0,0.8589965397923875,0.7104072398190046,real_world,4,34,78,6,8,6,5000
4,node2vec,6.3068,12.84,1.0,0.8762975778546712,0.7515082956259427,real_world,0,34,78,6,8,6,5000
4,node2vec,5.8586,11.3458,1.0,0.9022491349480969,0.7767722473604826,real_world,1,34,78,6,8,6,5000
4,node2vec,5.7818,11.8034,1.0,0.8961937716262977,0.7703619909502263,real_world,2,34,78,6,8,6,5000
4,node2vec,6.3846,12.8784,1.0,0.8676470588235293,0.7545248868778279,real_world,3,34,78,6,8,6,5000
4,node2vec,5.9442,11.9012,1.0,0.8884083044982697,0.7643288084464555,real_world,4,34,78,6,8,6,5000
0,non_backtracking_rw,4.7454,9.4996,0.9117647058823529,0.6003460207612458,0.39555052790346906,real_world,0,34,78,6,8,6,5000
0,non_backtracking_rw,4.7412,9.4784,0.9705882352941176,0.596885813148789,0.3970588235294118,real_world,1,34,78,6,8,6,5000
0,non_backtracking_rw,4.7852,9.579,1.0,0.5821799307958478,0.393288084464555,real_world,2,34,78,6,8,6,5000
0,non_backtracking_rw,4.7496,9.5678,0.9411764705882353,0.5674740484429066,0.3868778280542986,real_world,3,34,78,6,8,6,5000
0,non_backtracking_rw,4.7224,9.4406,1.0,0.5856401384083045,0.4004524886877828,real_world,4,34,78,6,8,6,5000
1,non_backtracking_rw,5.5692,11.196,1.0,0.7508650519031141,0.5893665158371041,real_world,0,34,78,6,8,6,5000
1,non_backtracking_rw,5.7506,11.6682,1.0,0.7205882352941175,0.5690045248868779,real_world,1,34,78,6,8,6,5000
1,non_backtracking_rw,5.6076,11.2732,1.0,0.7413494809688581,0.582579185520362,real_world,2,34,78,6,8,6,5000
1,non_backtracking_rw,5.607,11.105,1.0,0.7517301038062284,0.5931372549019607,real_world,3,34,78,6,8,6,5000
1,non_backtracking_rw,5.7044,11.4738,0.9705882352941176,0.7301038062283736,0.5690045248868778,real_world,4,34,78,6,8,6,5000
2,non_backtracking_rw,5.7188,11.5926,1.0,0.8252595155709342,0.7058823529411764,real_world,0,34,78,6,8,6,5000
2,non_backtracking_rw,5.8094,11.7788,1.0,0.8166089965397924,0.6949472096530921,real_world,1,34,78,6,8,6,5000
2,non_backtracking_rw,5.6426,11.3368,1.0,0.8304498269896194,0.7002262443438915,real_world,2,34,78,6,8,6,5000
2,non_backtracking_rw,5.79,11.5412,1.0,0.8287197231833909,0.7032428355957767,real_world,3,34,78,6,8,6,5000
2,non_backtracking_rw,6.2974,12.5908,1.0,0.7897923875432525,0.6662895927601811,real_world,4,34,78,6,8,6,5000
3,non_backtracking_rw,5.8512,11.722,1.0,0.865916955017301,0.7631975867269984,real_world,0,34,78,6,8,6,5000
3,non_backtracking_rw,6.0058,12.0354,1.0,0.8589965397923875,0.7601809954751132,real_world,1,34,78,6,8,6,5000
3,non_backtracking_rw,5.8086,11.69,1.0,0.8615916955017301,0.7613122171945701,real_world,2,34,78,6,8,6,5000
3,non_backtracking_rw,6.7084,13.2134,1.0,0.8399653979238755,0.7394419306184011,real_world,3,34,78,6,8,6,5000
3,non_backtracking_rw,6.2118,12.4738,1.0,0.852076124567474,0.747737556561086,real_world,4,34,78,6,8,6,5000
4,non_backtracking_rw,5.738,11.5446,1.0,0.8927335640138407,0.8118401206636502,real_world,0,34,78,6,8,6,5000
4,non_backtracking_rw,5.8872,11.6754,1.0,0.8953287197231833,0.819758672699849,real_world,1,34,78,6,8,6,5000
4,non_backtracking_rw,6.395,12.6458,1.0,0.8797577854671281,0.8114630467571643,real_world,2,34,78,6,8,6,5000
4,non_backtracking_rw,5.929,11.8316,1.0,0.8918685121107266,0.8099547511312217,real_world,3,34,78,6,8,6,5000
4,non_backtracking_rw,6.355,12.845,1.0,0.875432525951557,0.7918552036199095,real_world,4,34,78,6,8,6,5000
0,hrw,4.9028,9.8376,0.9117647058823529,0.5562283737024221,0.329185520361991,real_world,0,34,78,6,8,6,5000
0,hrw,4.978,9.9276,0.9411764705882353,0.5328719723183392,0.32767722473604827,real_world,1,34,78,6,8,6,5000
0,hrw,4.992,9.9884,0.9411764705882353,0.5268166089965397,0.3174962292609352,real_world,2,34,78,6,8,6,5000
0,hrw,4.9096,9.8762,0.8823529411764706,0.5397923875432525,0.3318250377073907,real_world,3,34,78,6,8,6,5000
0,hrw,4.9698,9.884,0.8529411764705882,0.5337370242214532,0.32843137254901966,real_world,4,34,78,6,8,6,5000
1,hrw,2.1942,4.3584,1.0,0.9463667820069205,0.8883861236802414,real_world,0,34,78,6,8,6,5000
1,hrw,1.9914,3.9412,1.0,0.967128027681661,0.9204374057315234,real_world,1,34,78,6,8,6,5000
1,hrw,1.923,3.7798,1.0,0.9636678200692042,0.9181749622926094,real_world,2,34,78,6,8,6,5000
1,hrw,1.8124,3.598,1.0,0.9731833910034602,0.9313725490196079,real_world,3,34,78,6,8,6,5000
1,hrw,1.9342,3.9132,1.0,0.9688581314878891,0.9185520361990951,real_world,4,34,78,6,8,6,5000
2,hrw,0.3746,0.7424,1.0,1.0,0.9992458521870288,real_world,0,34,78,6,8,6,5000
2,hrw,0.353,0.7124,1.0,1.0,1.0,real_world,1,34,78,6,8,6,5000
2,hrw,0.3918,0.7764,1.0,1.0,0.9996229260935143,real_world,2,34,78,6,8,6,5000
2,hrw,0.3306,0.6582,1.0,1.0,1.0,real_world,3,34,78,6,8,6,5000
2,hrw,0.3294,0.6532,1.0,1.0,1.0,real_world,4,34,78,6,8,6,5000
3,hrw,0.0164,0.0328,1.0,1.0,1.0,real_world,0,34,78,6,8,6,5000
3,hrw,0.0316,0.0578,1.0,1.0,1.0,real_world,1,34,78,6,8,6,5000
3,hrw,0.0206,0.0454,1.0,1.0,1.0,real_world,2,34,78,6,8,6,5000
3,hrw,0.03,0.0606,1.0,1.0,1.0,real_world,3,34,78,6,8,6,5000
3,hrw,0.0256,0.053,1.0,1.0,1.0,real_world,4,34,78,6,8,6,5000
4,hrw,0.005,0.0114,1.0,1.0,1.0,real_world,0,34,78,6,8,6,5000
4,hrw,0.0008,0.0016,1.0,1.0,1.0,real_world,1,34,78,6,8,6,5000
4,hrw,0.0024,0.006,1.0,1.0,1.0,real_world,2,34,78,6,8,6,5000
4,hrw,0.001,0.0018,1.0,1.0,1.0,real_world,3,34,78,6,8,6,5000
4,hrw,0.0028,0.0078,1.0,1.0,1.0,real_world,4,34,78,6,8,6,5000
